OrderId,ProductId,Quantity,Date,CustomerId,EmployeeId
1,5,7,8/5/2020,62,4
2,6,21,8/26/2020,119,3
3,20,19,9/9/2020,185,4
4,15,17,9/11/2020,177,4
5,11,22,11/4/2020,29,3
6,17,24,1/7/2021,32,4
7,16,10,1/26/2021,158,1
8,7,26,4/28/2021,113,3
9,14,27,7/7/2021,109,4
10,18,27,7/27/2021,368,5
11,18,23,8/24/2021,135,3
12,15,11,10/4/2021,215,5
13,9,12,10/11/2021,208,3
14,16,11,11/11/2021,394,2
15,19,12,11/17/2021,176,5
16,15,28,11/30/2021,122,3
17,5,17,12/21/2021,116,5
18,4,9,5/6/2022,27,4
19,7,25,5/31/2022,180,1
20,12,18,6/1/2022,242,2
21,6,14,6/9/2022,340,4
22,20,5,6/14/2022,279,3
23,3,17,6/17/2022,59,2
24,20,25,6/28/2022,205,2
25,18,2,7/11/2022,183,3
26,17,5,9/2/2020,226,3
27,16,24,11/4/2020,46,3
28,12,16,12/9/2020,271,4
29,13,12,1/12/2021,286,1
30,14,7,1/18/2021,290,1
31,24,13,2/11/2021,212,4
32,23,1,2/19/2021,6,2
33,20,8,4/8/2021,353,3
34,3,16,4/23/2021,197,1
35,3,18,5/4/2021,65,2
36,1,25,5/12/2021,369,2
37,18,30,5/19/2021,206,3
38,20,7,7/1/2021,44,2
39,6,4,9/15/2021,235,4
40,6,17,9/23/2021,217,1
41,10,25,10/13/2021,146,3
42,1,23,10/29/2021,92,5
43,1,19,12/3/2021,174,3
44,15,26,12/28/2021,95,1
45,18,12,12/30/2021,248,1
46,3,3,1/25/2022,186,5
47,23,11,1/31/2022,356,1
48,10,9,3/24/2022,254,4
49,18,14,5/26/2022,351,4
50,20,29,6/17/2022,306,4
51,20,11,9/3/2020,220,3
52,9,5,10/29/2020,9,2
53,10,6,11/4/2020,281,2
54,20,22,11/10/2020,381,2
55,11,12,11/23/2020,390,3
56,7,9,12/11/2020,371,3
57,4,10,2/24/2021,200,1
58,1,12,5/10/2021,297,2
59,14,18,5/26/2021,170,1
60,23,8,5/28/2021,197,2
61,20,18,8/4/2021,379,5
62,1,5,8/20/2021,144,3
63,18,29,10/22/2021,110,4
64,17,21,10/27/2021,142,3
65,18,16,11/15/2021,62,4
66,20,3,11/25/2021,222,2
67,18,14,1/13/2022,315,2
68,11,8,2/23/2022,40,1
69,21,11,3/2/2022,45,2
70,8,15,3/3/2022,256,1
71,22,14,3/21/2022,314,3
72,18,20,4/13/2022,398,2
73,13,9,4/19/2022,352,1
74,21,25,5/30/2022,168,1
75,19,25,7/12/2022,60,1
76,1,27,8/6/2020,219,2
77,7,9,8/27/2020,78,2
78,20,5,9/14/2020,276,3
79,10,21,9/29/2020,342,3
80,14,19,11/11/2020,2,2
81,10,12,12/10/2020,78,4
82,2,22,12/18/2020,220,2
83,19,17,12/25/2020,361,2
84,18,25,2/26/2021,211,3
85,12,19,3/3/2021,29,1
86,15,16,5/18/2021,75,1
87,12,19,6/16/2021,262,2
88,17,9,7/1/2021,23,5
89,9,8,7/22/2021,301,2
90,2,16,10/18/2021,256,5
91,7,22,12/24/2021,164,1
92,9,26,1/13/2022,36,1
93,5,23,2/2/2022,196,1
94,10,30,4/15/2022,397,3
95,11,7,5/27/2022,256,1
96,5,14,6/1/2022,309,2
97,18,18,6/30/2022,75,5
98,2,16,7/4/2022,139,2
99,8,5,7/11/2022,134,5
100,1,20,7/29/2022,31,4
101,19,12,8/3/2020,23,3
102,16,13,9/4/2020,124,3
103,4,5,9/15/2020,196,4
104,9,23,9/22/2020,390,4
105,9,11,10/20/2020,290,2
106,23,28,12/18/2020,132,2
107,11,10,3/19/2021,246,2
108,20,5,3/26/2021,102,4
109,1,29,4/6/2021,60,2
110,6,11,6/18/2021,72,2
111,21,11,6/22/2021,266,3
112,21,23,7/8/2021,184,4
113,21,10,7/28/2021,242,4
114,10,12,9/7/2021,269,5
115,4,14,9/8/2021,368,3
116,2,28,10/1/2021,317,4
117,24,9,10/4/2021,186,5
118,8,28,10/12/2021,390,5
119,14,19,1/12/2022,267,5
120,4,26,2/10/2022,27,2
121,15,5,2/17/2022,88,3
122,5,3,3/15/2022,334,1
123,20,6,3/30/2022,387,4
124,20,23,4/26/2022,25,3
125,16,18,6/7/2022,212,4
126,15,21,9/14/2020,109,1
127,22,6,10/7/2020,81,2
128,15,30,10/29/2020,115,3
129,16,18,11/9/2020,218,3
130,21,9,11/13/2020,94,2
131,4,6,11/24/2020,272,3
132,8,21,11/26/2020,21,2
133,11,9,1/12/2021,337,1
134,7,23,1/19/2021,293,4
135,19,21,2/3/2021,300,1
136,7,28,3/1/2021,166,3
137,5,17,4/22/2021,43,3
138,12,6,7/13/2021,128,4
139,23,30,10/8/2021,174,3
140,1,25,11/9/2021,305,2
141,8,18,11/22/2021,319,1
142,24,27,12/8/2021,34,2
143,12,2,12/28/2021,12,1
144,6,5,3/18/2022,36,5
145,4,29,4/5/2022,336,3
146,12,25,4/6/2022,135,1
147,20,11,6/2/2022,128,1
148,3,9,6/27/2022,122,2
149,8,2,7/18/2022,85,5
150,23,17,7/26/2022,254,3
151,7,28,8/3/2020,240,2
152,23,4,9/1/2020,104,1
153,19,26,9/21/2020,268,4
154,22,19,10/19/2020,350,3
155,10,13,11/10/2020,234,1
156,12,13,1/6/2021,273,3
157,22,17,1/15/2021,335,4
158,16,17,1/20/2021,290,2
159,17,3,2/11/2021,334,1
160,19,25,2/12/2021,160,2
161,8,28,3/3/2021,233,3
162,23,8,4/6/2021,263,4
163,4,1,4/14/2021,56,3
164,24,2,7/8/2021,146,1
165,20,28,12/10/2021,183,5
166,8,1,12/30/2021,400,2
167,10,23,1/3/2022,78,4
168,9,1,2/18/2022,264,1
169,11,26,3/1/2022,204,4
170,9,13,3/11/2022,105,5
171,8,3,4/21/2022,232,5
172,23,15,4/25/2022,374,1
173,21,22,5/20/2022,234,4
174,4,8,6/30/2022,97,2
175,5,28,7/29/2022,72,4
176,4,15,8/12/2020,101,1
177,20,13,9/4/2020,117,2
178,13,29,10/21/2020,375,2
179,2,7,12/22/2020,162,2
180,6,4,3/9/2021,311,1
181,4,11,4/14/2021,355,3
182,19,16,4/20/2021,259,1
183,4,2,4/27/2021,337,3
184,10,20,5/4/2021,361,1
185,6,26,5/12/2021,43,1
186,21,27,7/7/2021,363,4
187,4,16,7/12/2021,62,1
188,20,8,7/20/2021,298,3
189,13,26,8/13/2021,71,2
190,20,20,9/7/2021,41,1
191,13,19,10/1/2021,229,3
192,14,13,10/29/2021,171,2
193,7,12,11/11/2021,277,5
194,7,28,11/25/2021,106,2
195,2,16,12/29/2021,183,3
196,11,9,1/31/2022,308,5
197,22,4,2/10/2022,82,3
198,10,27,3/8/2022,240,1
199,23,21,5/6/2022,289,4
200,11,3,6/28/2022,11,4
201,19,7,8/13/2020,292,3
202,14,4,9/9/2020,34,1
203,20,18,11/18/2020,219,3
204,8,26,12/30/2020,378,1
205,6,15,12/31/2020,327,1
206,20,24,2/4/2021,269,1
207,22,9,2/18/2021,126,2
208,13,2,3/18/2021,44,3
209,18,15,3/19/2021,368,4
210,15,12,3/31/2021,139,1
211,13,11,4/9/2021,4,4
212,24,14,6/17/2021,128,1
213,24,13,6/22/2021,172,5
214,17,19,7/1/2021,155,2
215,12,17,7/19/2021,230,2
216,17,11,8/2/2021,317,2
217,22,28,8/10/2021,88,2
218,10,7,8/17/2021,214,5
219,3,9,9/22/2021,147,4
220,10,24,10/20/2021,219,5
221,13,20,12/20/2021,377,3
222,2,12,3/2/2022,257,4
223,18,25,4/22/2022,160,3
224,14,17,7/4/2022,8,1
225,20,29,7/12/2022,178,5
226,11,6,8/12/2020,90,3
227,22,28,9/1/2020,6,4
228,17,27,9/23/2020,153,2
229,18,11,10/20/2020,329,1
230,5,19,11/9/2020,342,4
231,4,5,2/24/2021,149,2
232,20,8,4/13/2021,329,2
233,9,23,4/15/2021,35,4
234,2,9,6/1/2021,5,5
235,18,3,6/14/2021,224,5
236,5,25,9/2/2021,13,5
237,9,14,9/3/2021,136,1
238,23,29,12/2/2021,398,5
239,18,1,12/9/2021,281,4
240,5,9,12/15/2021,306,4
241,24,15,4/4/2022,254,3
242,7,11,4/12/2022,58,3
243,20,1,4/26/2022,399,2
244,10,15,4/29/2022,200,3
245,8,3,5/9/2022,137,1
246,20,26,5/20/2022,344,4
247,12,12,5/30/2022,326,3
248,24,24,6/10/2022,387,5
249,21,18,7/18/2022,199,5
250,22,18,7/22/2022,390,2
251,8,17,9/7/2020,396,2
252,12,17,9/25/2020,280,1
253,7,26,10/26/2020,23,3
254,9,8,11/2/2020,285,4
255,16,27,11/10/2020,100,4
256,6,4,11/11/2020,301,2
257,10,3,2/12/2021,342,2
258,6,15,4/5/2021,160,3
259,10,8,4/13/2021,60,2
260,1,28,5/21/2021,370,3
261,9,25,6/4/2021,48,2
262,3,14,6/30/2021,296,4
263,10,20,7/1/2021,396,3
264,19,11,7/16/2021,177,4
265,10,17,8/3/2021,298,3
266,19,2,8/9/2021,384,2
267,2,19,8/13/2021,304,3
268,19,26,9/10/2021,99,3
269,6,8,10/6/2021,320,1
270,9,29,1/28/2022,199,3
271,19,25,4/25/2022,300,1
272,8,25,4/28/2022,247,2
273,18,25,5/26/2022,343,4
274,14,15,6/16/2022,383,2
275,17,10,6/30/2022,77,2
276,13,18,8/21/2020,324,4
277,22,2,8/26/2020,280,2
278,17,5,9/9/2020,122,2
279,20,13,10/6/2020,340,1
280,7,26,11/27/2020,126,2
281,3,8,1/28/2021,63,3
282,8,2,2/4/2021,323,1
283,5,6,2/5/2021,81,4
284,12,8,2/8/2021,322,2
285,8,9,2/16/2021,267,2
286,10,21,3/17/2021,232,3
287,11,2,4/13/2021,97,2
288,21,10,7/19/2021,272,3
289,11,10,7/27/2021,62,1
290,20,30,8/24/2021,107,4
291,15,13,9/8/2021,196,5
292,11,2,11/25/2021,16,2
293,4,30,2/8/2022,235,3
294,12,27,3/28/2022,167,4
295,6,9,5/2/2022,392,2
296,8,22,5/5/2022,227,2
297,18,24,5/6/2022,98,5
298,9,11,5/9/2022,150,1
299,7,13,5/17/2022,183,1
300,19,1,6/28/2022,22,5
301,21,7,8/7/2020,186,3
302,2,2,10/13/2020,358,2
303,9,15,10/21/2020,89,3
304,16,13,10/27/2020,126,1
305,3,6,11/18/2020,25,2
306,4,11,11/25/2020,220,1
307,24,5,3/12/2021,116,2
308,18,3,4/15/2021,132,3
309,16,7,5/5/2021,34,1
310,19,15,5/12/2021,116,2
311,24,24,7/23/2021,22,4
312,16,18,8/2/2021,241,1
313,3,3,8/5/2021,83,1
314,22,23,9/3/2021,5,3
315,9,22,9/14/2021,357,4
316,13,18,10/8/2021,122,2
317,13,11,12/2/2021,312,5
318,3,23,12/17/2021,121,4
319,15,17,12/29/2021,107,5
320,1,25,1/3/2022,206,4
321,2,26,1/21/2022,350,3
322,20,21,2/21/2022,295,2
323,16,1,2/22/2022,374,3
324,18,15,3/29/2022,217,5
325,21,22,4/7/2022,187,4
326,20,20,9/9/2020,126,2
327,12,12,9/10/2020,77,4
328,24,8,10/20/2020,258,2
329,15,6,12/2/2020,109,4
330,9,6,1/5/2021,344,4
331,24,18,1/8/2021,50,1
332,5,11,1/13/2021,279,4
333,7,13,1/27/2021,136,2
334,8,17,5/27/2021,112,2
335,12,19,6/15/2021,359,2
336,8,24,9/17/2021,335,4
337,13,21,9/28/2021,96,2
338,19,11,10/6/2021,284,2
339,10,15,11/17/2021,76,2
340,3,13,12/1/2021,381,1
341,20,30,12/16/2021,364,3
342,20,7,1/12/2022,69,4
343,10,16,2/8/2022,397,1
344,7,3,2/28/2022,56,5
345,13,11,3/30/2022,396,3
346,3,3,4/21/2022,331,4
347,2,14,4/29/2022,203,4
348,23,10,5/16/2022,60,3
349,18,25,6/3/2022,296,4
350,16,18,7/18/2022,61,2
351,3,8,8/5/2020,62,1
352,21,15,9/8/2020,153,1
353,18,28,11/3/2020,135,3
354,16,10,12/21/2020,305,4
355,20,3,1/5/2021,73,2
356,13,11,3/4/2021,209,2
357,12,11,3/5/2021,242,4
358,21,12,4/7/2021,266,1
359,15,2,5/19/2021,151,1
360,17,16,5/20/2021,100,2
361,8,26,7/20/2021,188,5
362,22,30,9/16/2021,358,5
363,21,9,9/21/2021,247,1
364,23,28,10/22/2021,274,5
365,9,24,11/12/2021,263,5
366,8,23,11/18/2021,87,5
367,13,22,11/23/2021,171,2
368,4,23,12/20/2021,397,2
369,22,10,3/16/2022,49,4
370,19,11,3/31/2022,320,5
371,5,20,4/27/2022,292,5
372,1,9,5/19/2022,160,5
373,16,17,5/30/2022,100,2
374,12,10,7/5/2022,104,1
375,24,26,7/20/2022,5,5
376,12,21,9/16/2020,125,4
377,5,12,10/9/2020,147,4
378,6,10,10/16/2020,317,4
379,3,18,10/22/2020,86,1
380,18,17,11/5/2020,288,2
381,10,1,4/6/2021,224,3
382,11,13,6/23/2021,251,1
383,10,15,7/1/2021,303,2
384,15,24,8/11/2021,133,1
385,13,1,8/18/2021,253,1
386,6,6,9/9/2021,211,2
387,6,17,9/16/2021,337,4
388,8,23,9/29/2021,156,5
389,10,4,11/12/2021,84,4
390,1,6,11/16/2021,68,5
391,16,3,12/20/2021,195,4
392,24,27,2/1/2022,18,5
393,1,9,2/2/2022,254,2
394,15,4,3/16/2022,100,4
395,8,3,3/29/2022,172,4
396,15,30,4/22/2022,349,3
397,18,21,5/3/2022,110,4
398,17,6,5/30/2022,337,4
399,6,20,7/13/2022,212,1
400,7,2,7/14/2022,375,2
401,6,16,9/14/2020,155,2
402,4,29,9/24/2020,58,4
403,9,18,9/30/2020,320,4
404,13,7,10/13/2020,230,4
405,24,14,1/20/2021,386,3
406,15,3,2/5/2021,108,4
407,19,4,2/23/2021,185,2
408,1,9,3/12/2021,391,1
409,14,26,3/15/2021,40,2
410,23,29,6/25/2021,58,2
411,1,1,6/30/2021,367,4
412,15,17,7/22/2021,193,5
413,19,28,8/19/2021,15,1
414,7,24,8/20/2021,388,3
415,23,9,11/2/2021,326,1
416,17,3,12/29/2021,109,4
417,6,30,1/18/2022,261,5
418,6,25,1/27/2022,268,2
419,23,2,1/31/2022,305,3
420,2,11,3/8/2022,146,1
421,2,17,3/29/2022,321,5
422,10,29,4/14/2022,112,4
423,9,22,4/15/2022,291,3
424,6,9,4/18/2022,155,2
425,1,4,7/25/2022,289,2
426,8,6,9/7/2020,251,4
427,6,13,9/30/2020,146,1
428,13,9,10/20/2020,283,2
429,1,25,11/18/2020,295,3
430,11,15,12/28/2020,274,4
431,12,13,1/22/2021,233,4
432,20,7,2/10/2021,387,3
433,24,2,3/1/2021,301,4
434,17,14,4/2/2021,52,1
435,15,20,4/9/2021,353,1
436,2,23,5/13/2021,218,1
437,19,19,5/28/2021,203,2
438,12,20,6/21/2021,288,5
439,23,25,9/7/2021,93,5
440,2,24,9/29/2021,172,4
441,8,14,12/17/2021,232,1
442,9,6,12/21/2021,14,3
443,19,9,1/27/2022,48,2
444,21,27,3/1/2022,345,5
445,1,10,4/26/2022,370,3
446,6,12,5/5/2022,377,1
447,1,2,6/20/2022,361,3
448,13,22,7/7/2022,247,5
449,18,3,7/27/2022,89,2
450,23,27,7/28/2022,331,4
451,15,16,2/8/2022,297,5
452,21,6,3/2/2022,204,5
453,15,3,4/15/2022,121,3
454,18,15,6/6/2022,33,5
455,11,22,6/22/2022,203,2
456,5,26,7/20/2022,213,4
457,15,28,10/4/2021,134,2
458,21,27,10/12/2021,332,3
459,4,25,1/12/2022,177,3
460,17,13,2/10/2022,101,5
461,2,20,2/17/2022,290,3
462,5,24,3/15/2022,55,1
463,8,23,3/30/2022,337,1
464,10,28,4/26/2022,212,5
465,11,25,6/7/2022,232,4
466,1,10,9/14/2020,278,4
467,8,24,10/7/2020,145,4
468,6,27,10/29/2020,123,2
469,3,30,11/9/2020,363,1
470,13,11,11/13/2020,359,3
471,7,16,11/24/2020,199,1
472,14,25,11/26/2020,168,3
473,8,25,1/12/2021,143,3
474,23,1,1/19/2021,186,1
475,7,22,2/3/2021,68,3
476,20,24,3/1/2021,152,1
477,15,12,4/22/2021,37,2
478,2,7,7/13/2021,278,3
479,20,24,10/8/2021,249,2
480,18,30,11/9/2021,274,2
481,3,21,11/22/2021,62,5
482,15,20,1/22/2021,5,4
483,7,12,2/10/2021,232,2
484,13,18,3/1/2021,118,3
485,14,21,4/2/2021,243,4
486,24,6,4/9/2021,207,3
487,4,27,5/13/2021,385,2
488,24,18,5/28/2021,154,2
489,16,11,6/21/2021,248,1
490,4,9,9/7/2021,124,2
491,12,2,9/29/2021,40,3
492,8,29,12/17/2021,149,5
493,19,22,12/21/2021,167,1
494,11,1,1/27/2022,93,2
495,12,27,3/1/2022,317,2
496,7,18,4/26/2022,279,1
497,22,10,5/5/2022,21,4
498,10,26,6/20/2022,243,4
499,7,18,7/7/2022,182,2
500,22,20,7/27/2022,26,4
501,18,10,7/28/2022,125,4
502,6,25,2/23/2021,388,4
503,13,27,3/12/2021,355,2
504,17,9,3/15/2021,324,1
505,11,28,6/25/2021,123,2
506,19,16,6/30/2021,248,4
507,22,30,7/22/2021,117,4
508,7,14,8/19/2021,193,5
509,21,22,8/20/2021,361,2
510,16,10,11/2/2021,172,1
511,10,12,12/29/2021,387,1
512,18,26,1/18/2022,106,4
513,7,12,1/27/2022,374,4
514,4,1,1/31/2022,387,3
515,15,25,3/8/2022,149,2
516,1,2,3/29/2022,253,3
517,4,30,4/14/2022,281,2
518,5,27,4/15/2022,364,3
519,2,27,4/18/2022,377,3
520,14,7,7/25/2022,77,3
521,3,14,9/7/2020,249,1
522,22,15,9/30/2020,292,2
523,11,22,10/20/2020,333,2
524,22,2,11/18/2020,215,2
525,10,6,12/28/2020,225,1
526,4,1,1/22/2021,278,4
527,21,1,7/20/2022,114,4
528,21,4,9/16/2020,130,3
529,22,21,10/9/2020,246,1
530,13,2,10/16/2020,319,2
531,10,15,10/22/2020,328,1
532,3,7,11/5/2020,355,4
533,10,5,4/6/2021,361,4
534,5,11,6/23/2021,170,4
535,15,11,7/1/2021,213,2
536,13,25,8/11/2021,38,2
537,8,2,8/18/2021,92,1
538,23,29,9/9/2021,23,3
539,22,25,9/16/2021,22,2
540,23,30,9/29/2021,103,2
541,22,18,11/12/2021,273,2
542,3,23,11/16/2021,91,5
543,5,17,12/20/2021,31,5
544,8,19,2/1/2022,315,2
545,9,16,2/2/2022,358,1
546,21,7,1/5/2021,50,1
547,18,11,1/8/2021,100,4
548,16,7,1/13/2021,5,3
549,23,11,1/27/2021,159,4
550,22,30,5/27/2021,200,4
551,8,5,6/15/2021,353,4
552,5,15,9/17/2021,199,4
553,1,11,9/28/2021,42,2
554,10,29,10/6/2021,119,1
555,14,9,11/17/2021,30,4
556,15,22,12/1/2021,31,5
557,17,25,12/16/2021,320,2
558,16,13,1/12/2022,358,5
559,7,6,2/8/2022,233,5
560,5,15,2/28/2022,225,3
561,20,3,3/30/2022,60,3
562,13,25,4/21/2022,171,5
563,5,6,4/29/2022,21,3
564,22,11,5/16/2022,92,5
565,14,27,6/3/2022,377,4
566,7,28,7/18/2022,349,2
567,21,4,8/5/2020,275,3
568,5,19,9/8/2020,165,3
569,11,26,11/3/2020,370,1
570,13,19,12/21/2020,296,3
571,18,29,1/5/2021,58,4
572,1,8,3/4/2021,10,4
573,4,26,3/5/2021,118,1
574,23,16,4/7/2021,265,4
575,13,30,5/19/2021,145,3
576,1,8,5/20/2021,282,3
577,4,21,7/20/2021,97,3
578,15,17,9/16/2021,24,3
579,4,11,9/21/2021,365,1
580,15,8,10/22/2021,284,2
581,4,13,11/12/2021,270,2
582,16,26,11/18/2021,14,2
583,2,11,11/23/2021,177,2
584,20,15,12/20/2021,332,1
585,8,1,3/16/2022,107,3
586,24,16,3/31/2022,248,1
587,6,22,4/27/2022,223,1
588,6,12,5/19/2022,25,4
589,13,22,5/30/2022,202,5
590,9,15,7/5/2022,85,2
591,19,24,7/20/2022,300,4
592,21,12,9/16/2020,86,2
593,2,30,10/9/2020,363,1
594,1,25,10/16/2020,144,1
595,5,9,10/22/2020,2,4
596,9,2,12/17/2021,314,5
597,16,26,12/29/2021,84,2
598,11,10,1/3/2022,9,4
599,4,28,1/21/2022,366,2
600,6,3,2/21/2022,109,1
601,3,18,2/22/2022,381,1
602,2,21,3/29/2022,16,4
603,5,13,4/7/2022,195,2
604,20,5,9/9/2020,247,3
605,9,26,9/10/2020,179,1
606,5,1,10/20/2020,84,4
607,5,14,12/2/2020,222,4
608,18,6,1/5/2021,105,2
609,3,8,1/8/2021,221,1
610,2,29,1/13/2021,397,2
611,13,27,1/27/2021,47,1
612,22,13,5/27/2021,56,2
613,22,3,6/15/2021,201,4
614,19,19,9/17/2021,302,1
615,9,25,9/28/2021,87,5
616,2,14,10/6/2021,66,5
617,6,10,11/17/2021,287,3
618,13,29,12/1/2021,262,4
619,4,29,12/16/2021,147,1
620,21,3,1/12/2022,96,1
621,20,1,2/8/2022,112,1
622,14,10,2/28/2022,64,5
623,16,30,3/30/2022,19,3
624,10,28,8/11/2021,254,3
625,11,3,8/18/2021,54,1
626,22,14,9/9/2021,127,5
627,3,28,9/16/2021,174,1
628,16,28,9/29/2021,319,3
629,14,29,11/12/2021,248,1
630,19,20,11/16/2021,172,5
631,7,27,12/20/2021,383,5
632,1,8,2/1/2022,58,4
633,12,17,2/2/2022,124,1
634,13,29,1/5/2021,5,2
635,23,23,1/8/2021,138,1
636,13,17,1/13/2021,140,3
637,11,1,1/27/2021,326,2
638,11,20,5/27/2021,229,3
639,3,14,6/15/2021,293,2
640,3,3,9/17/2021,86,1
641,18,12,9/28/2021,231,1
642,23,27,10/6/2021,172,2
643,10,29,11/17/2021,58,3
644,20,5,12/1/2021,133,2
645,7,22,12/16/2021,155,3
646,7,22,1/12/2022,122,4
647,2,19,2/8/2022,159,1
648,17,11,2/28/2022,169,5
649,1,27,3/30/2022,55,5
650,7,12,4/21/2022,93,4
651,2,28,4/29/2022,295,3
652,19,9,5/16/2022,181,2
653,23,14,6/3/2022,370,1
654,13,18,7/18/2022,100,2
655,4,18,8/5/2020,322,4
656,9,14,9/8/2020,265,3
657,24,20,11/3/2020,120,1
658,19,13,12/21/2020,96,3
659,20,11,1/5/2021,351,3
660,24,15,3/4/2021,257,3
661,4,23,3/5/2021,143,1
662,23,11,4/7/2021,346,2
663,24,15,5/19/2021,357,3
664,2,7,5/20/2021,341,3
665,21,13,7/20/2021,174,1
666,5,7,9/16/2021,68,2
667,6,5,9/21/2021,93,1
668,19,11,10/22/2021,334,3
669,5,20,11/12/2021,277,5
670,10,4,11/18/2021,197,3
671,15,9,11/23/2021,302,1
672,18,24,12/20/2021,121,2
673,15,14,3/9/2021,53,4
674,24,22,4/14/2021,73,4
675,4,16,4/20/2021,295,2
676,16,19,4/27/2021,355,3
677,6,11,5/4/2021,200,1
678,14,14,5/12/2021,349,1
679,2,14,7/7/2021,58,1
680,20,8,7/12/2021,149,4
681,6,27,7/20/2021,227,4
682,13,16,8/13/2021,1,3
683,14,9,9/7/2021,45,5
684,21,25,10/1/2021,64,4
685,2,24,10/29/2021,173,4
686,2,3,11/11/2021,321,5
687,9,17,11/25/2021,307,4
688,7,5,12/29/2021,354,4
689,9,8,1/31/2022,15,5
690,10,16,2/10/2022,233,1
691,10,17,3/8/2022,356,1
692,13,24,5/6/2022,181,3
693,18,3,6/28/2022,290,1
694,1,21,8/13/2020,74,3
695,21,3,9/9/2020,172,1
696,3,23,11/18/2020,106,4
697,22,15,12/30/2020,379,2
698,1,7,12/31/2020,23,1
699,12,1,12/29/2021,281,4
700,1,9,1/3/2022,203,3
701,18,2,1/21/2022,2,2
702,23,10,2/21/2022,170,4
703,5,15,2/22/2022,354,5
704,3,4,3/29/2022,278,2
705,13,6,4/7/2022,143,2
706,1,18,9/9/2020,283,1
707,8,10,9/10/2020,368,2
708,8,4,10/20/2020,237,1
709,9,3,12/2/2020,101,2
710,16,7,1/5/2021,276,1
711,14,21,1/8/2021,10,2
712,1,13,1/13/2021,319,1
713,21,23,1/27/2021,226,3
714,12,29,5/27/2021,103,2
715,7,5,6/15/2021,158,3
716,21,19,9/17/2021,169,1
717,6,14,9/28/2021,141,1
718,12,10,10/6/2021,208,2
719,9,26,11/17/2021,203,3
720,16,20,12/1/2021,167,5
721,4,27,12/16/2021,49,3
722,6,14,1/12/2022,299,2
723,9,20,2/8/2022,41,1
724,15,17,2/28/2022,146,3
725,5,16,3/30/2022,392,5
726,24,3,8/11/2021,373,4
727,3,23,8/18/2021,81,2
728,2,5,9/9/2021,226,3
729,22,6,9/16/2021,394,2
730,18,19,9/29/2021,365,1
731,8,19,11/12/2021,149,2
732,4,18,11/16/2021,126,1
733,8,24,12/20/2021,398,2
734,22,21,2/1/2022,95,4
735,24,5,2/2/2022,234,2
736,5,14,1/5/2021,331,3
737,12,12,1/8/2021,131,4
738,12,7,1/13/2021,104,2
739,15,7,1/27/2021,164,2
740,11,7,5/27/2021,141,2
741,15,3,6/15/2021,221,5
742,4,25,9/17/2021,175,5
743,1,3,9/28/2021,44,4
744,1,16,10/6/2021,357,5
745,11,19,11/17/2021,73,5
746,8,5,12/1/2021,292,4
747,3,4,12/16/2021,183,1
748,11,25,1/12/2022,16,3
749,9,30,2/8/2022,110,5
750,5,20,2/28/2022,339,2
751,20,19,3/30/2022,237,2
752,6,28,4/21/2022,299,4
753,15,12,7/12/2022,347,1
754,18,25,8/6/2020,367,4
755,17,1,8/27/2020,88,4
756,21,30,9/14/2020,143,3
757,16,18,9/29/2020,154,2
758,6,5,11/11/2020,44,3
759,8,24,12/10/2020,218,4
760,5,21,12/18/2020,55,4
761,19,4,12/25/2020,255,4
762,15,19,2/26/2021,304,3
763,16,11,3/3/2021,108,1
764,5,14,5/18/2021,163,1
765,7,11,6/16/2021,9,2
766,5,29,7/1/2021,142,3
767,2,23,7/22/2021,206,5
768,7,30,10/18/2021,163,2
769,23,17,12/24/2021,47,4
770,21,7,1/13/2022,345,1
771,8,13,2/2/2022,55,2
772,20,11,4/15/2022,104,2
773,21,2,5/27/2022,114,2
774,6,8,6/1/2022,213,3
775,3,11,6/30/2022,223,3
776,3,19,7/4/2022,166,1
777,23,12,7/11/2022,65,4
778,4,9,7/29/2022,384,1
779,2,15,8/3/2020,73,3
780,23,25,9/4/2020,365,1
781,11,2,9/15/2020,251,4
782,12,15,9/22/2020,303,2
783,22,27,10/20/2020,195,1
784,22,21,12/18/2020,372,1
785,14,7,3/19/2021,204,2
786,8,1,3/26/2021,43,3
787,11,5,4/6/2021,65,1
788,11,25,6/18/2021,349,2
789,1,6,6/22/2021,287,5
790,7,19,7/8/2021,187,2
791,19,9,7/28/2021,287,1
792,11,24,9/7/2021,364,5
793,8,3,9/8/2021,280,3
794,17,10,10/1/2021,276,3
795,10,6,10/4/2021,231,5
796,4,19,10/12/2021,22,1
797,24,5,1/12/2022,110,2
798,22,13,2/10/2022,13,3
799,21,26,2/17/2022,119,2
800,3,11,3/15/2022,200,1
801,11,16,11/17/2021,356,1
802,2,11,12/1/2021,79,4
803,22,13,12/16/2021,400,1
804,1,18,1/12/2022,209,3
805,23,3,2/8/2022,163,4
806,5,17,2/28/2022,206,4
807,15,26,3/30/2022,182,5
808,8,5,4/21/2022,239,1
809,20,7,4/29/2022,304,4
810,10,21,5/16/2022,85,4
811,5,29,6/3/2022,81,2
812,21,24,7/18/2022,287,5
813,11,23,8/5/2020,114,4
814,18,20,9/8/2020,353,1
815,20,1,11/3/2020,32,2
816,11,24,12/21/2020,45,2
817,5,24,1/5/2021,331,2
818,3,12,3/4/2021,301,2
819,5,5,3/5/2021,293,3
820,3,2,4/7/2021,52,3
821,10,19,5/19/2021,376,4
822,23,19,5/20/2021,203,4
823,13,18,7/20/2021,296,3
824,23,29,9/16/2021,31,4
825,6,23,9/21/2021,12,1
826,22,26,10/22/2021,334,4
827,17,13,11/12/2021,344,1
828,13,27,11/18/2021,334,2
829,4,29,11/23/2021,76,3
830,10,2,12/20/2021,249,5
831,23,20,3/9/2021,213,4
832,7,28,4/14/2021,222,3
833,14,26,4/20/2021,51,1
834,6,4,4/27/2021,122,1
835,16,9,5/4/2021,370,3
836,24,11,5/12/2021,113,2
837,5,27,7/7/2021,233,5
838,23,10,7/12/2021,126,5
839,24,22,7/20/2021,363,3
840,3,10,8/13/2021,271,1
841,7,1,9/7/2021,335,2
842,6,15,10/1/2021,38,3
843,2,3,10/29/2021,192,5
844,1,23,11/11/2021,38,2
845,19,10,11/25/2021,112,1
846,2,19,12/29/2021,335,1
847,21,13,1/31/2022,5,4
848,18,15,2/10/2022,171,3
849,11,3,3/8/2022,353,4
850,4,10,5/6/2022,3,3
851,24,23,6/28/2022,99,3
852,6,28,8/13/2020,316,3
853,16,14,9/9/2020,15,2
854,1,20,11/18/2020,43,4
855,1,8,2/8/2022,373,4
856,16,22,2/28/2022,55,5
857,3,30,3/30/2022,340,3
858,16,26,4/21/2022,281,4
859,14,18,7/12/2022,304,1
860,9,2,8/6/2020,2,4
861,21,29,8/27/2020,264,2
862,2,27,9/14/2020,127,3
863,24,11,9/29/2020,226,1
864,15,18,11/11/2020,57,3
865,8,10,12/10/2020,258,4
866,14,21,12/18/2020,326,2
867,8,11,12/25/2020,239,4
868,20,9,2/26/2021,369,3
869,8,26,3/3/2021,128,2
870,6,10,5/18/2021,26,1
871,12,1,6/16/2021,97,2
872,6,5,7/1/2021,327,2
873,15,14,7/22/2021,232,5
874,21,19,10/18/2021,103,2
875,14,3,12/24/2021,126,1
876,4,3,1/13/2022,112,4
877,5,4,2/2/2022,58,2
878,13,3,4/15/2022,360,4
879,22,14,5/27/2022,228,5
880,1,6,6/1/2022,385,5
881,22,27,6/30/2022,280,1
882,18,25,7/4/2022,117,2
883,22,29,7/11/2022,378,3
884,13,10,7/29/2022,363,5
885,6,11,8/3/2020,63,3
886,12,18,9/4/2020,52,2
887,9,18,9/15/2020,400,3
888,16,5,9/22/2020,88,1
889,9,15,10/20/2020,361,3
890,23,20,12/18/2020,20,4
891,10,18,3/19/2021,329,3
892,9,16,3/26/2021,48,2
893,11,16,4/6/2021,93,1
894,21,8,6/18/2021,374,5
895,7,28,6/22/2021,395,3
896,1,5,7/8/2021,168,3
897,24,30,7/28/2021,76,4
898,1,9,9/7/2021,53,2
899,22,14,9/8/2021,287,2
900,20,7,12/2/2020,210,4
901,22,16,1/5/2021,86,1
902,19,18,1/8/2021,266,3
903,24,3,1/13/2021,320,1
904,24,7,1/27/2021,391,1
905,22,11,5/27/2021,272,1
906,19,24,6/15/2021,63,2
907,22,27,9/17/2021,175,3
908,2,28,9/28/2021,238,2
909,23,29,10/6/2021,119,4
910,15,28,11/17/2021,87,4
911,9,9,12/1/2021,379,3
912,5,6,12/16/2021,152,5
913,9,9,1/12/2022,91,2
914,12,11,2/8/2022,255,1
915,10,23,2/28/2022,309,5
916,20,29,3/30/2022,121,2
917,1,8,4/21/2022,232,3
918,8,23,4/29/2022,146,3
919,8,27,5/16/2022,193,2
920,21,11,6/3/2022,22,3
921,24,30,7/18/2022,227,1
922,23,10,8/5/2020,229,1
923,18,28,9/8/2020,106,2
924,21,22,11/3/2020,252,2
925,1,8,12/21/2020,83,1
926,4,26,1/5/2021,150,2
927,16,17,3/4/2021,321,3
928,16,21,3/5/2021,14,2
929,12,6,4/7/2021,279,2
930,13,20,5/19/2021,309,1
931,24,21,5/20/2021,35,3
932,24,24,7/20/2021,17,1
933,18,9,9/16/2021,329,5
934,18,29,9/21/2021,272,3
935,22,19,10/22/2021,346,1
936,24,19,11/12/2021,323,4
937,21,10,11/18/2021,286,5
938,22,11,11/23/2021,323,2
939,7,27,12/20/2021,294,1
940,3,19,3/16/2022,61,3
941,7,4,3/31/2022,7,3
942,21,22,4/27/2022,105,5
943,3,4,5/19/2022,132,1
944,20,24,5/30/2022,43,3
945,17,28,7/5/2022,296,5
946,15,8,7/20/2022,220,2
947,4,5,9/16/2020,233,2
948,2,10,10/9/2020,86,2
949,1,14,10/16/2020,116,4
950,8,26,10/22/2020,122,1
951,14,19,11/5/2020,16,3
952,1,3,4/6/2021,192,2
953,21,10,6/23/2021,350,2
954,19,25,7/1/2021,315,4
955,11,13,8/11/2021,277,5
956,22,19,8/18/2021,291,3
957,5,30,9/9/2021,168,2
958,15,12,9/16/2021,24,4
959,12,11,9/29/2021,187,5
960,2,29,11/12/2021,54,5
961,6,30,11/16/2021,268,1
962,9,19,12/20/2021,229,2
963,23,23,2/1/2022,248,4
964,2,5,2/2/2022,175,1
965,10,1,3/16/2022,83,3
966,6,29,3/29/2022,288,5
967,20,6,3/12/2021,398,4
968,8,1,4/15/2021,5,4
969,22,14,5/5/2021,308,2
970,8,30,5/12/2021,171,4
971,2,8,7/23/2021,371,1
972,20,27,8/2/2021,157,3
973,12,15,8/5/2021,295,1
974,23,12,9/3/2021,218,1
975,3,29,9/14/2021,254,5
976,9,2,10/8/2021,357,5
977,4,14,12/2/2021,94,1
978,17,21,12/17/2021,292,1
979,23,7,12/29/2021,385,4
980,4,22,1/3/2022,158,5
981,17,22,1/21/2022,55,2
982,3,11,2/21/2022,226,3
983,17,14,2/22/2022,160,4
984,23,1,3/29/2022,388,1
985,10,5,4/7/2022,7,2
986,17,16,9/9/2020,133,3
987,8,3,9/10/2020,329,4
988,16,14,10/20/2020,264,2
989,7,6,12/2/2020,160,1
990,12,13,1/5/2021,170,3
991,5,18,1/8/2021,82,2
992,13,20,1/13/2021,332,2
993,22,28,1/27/2021,307,1
994,6,5,5/27/2021,128,4
995,6,9,6/15/2021,86,4
996,2,2,9/17/2021,256,2
997,20,9,9/28/2021,244,4
998,1,17,10/6/2021,347,3
999,19,18,11/17/2021,56,4
1000,1,6,12/1/2021,283,5
1001,9,12,12/16/2021,396,2
1002,16,23,1/12/2022,340,3
1003,1,6,2/8/2022,287,5
1004,23,24,2/28/2022,381,5
1005,6,9,3/30/2022,270,1
1006,19,12,4/21/2022,113,1
1007,22,6,4/29/2022,64,5
1008,18,17,5/16/2022,34,3
1009,5,2,6/3/2022,394,3
1010,4,19,7/18/2022,88,5
1011,18,15,8/5/2020,216,2
1012,7,9,9/8/2020,363,2
1013,21,5,11/3/2020,180,1
1014,19,2,12/21/2020,23,1
1015,2,21,1/5/2021,95,1
1016,14,30,3/4/2021,243,3
1017,10,28,3/5/2021,256,1
1018,16,26,4/7/2021,81,3
1019,14,12,5/19/2021,161,2
1020,21,29,5/20/2021,262,4
1021,3,14,7/20/2021,293,5
1022,11,18,9/16/2021,292,5
1023,22,3,9/21/2021,113,5
1024,14,1,10/22/2021,286,2
1025,17,13,11/12/2021,18,4
1026,24,25,11/18/2021,88,1
1027,4,6,11/23/2021,297,3
1028,15,22,12/20/2021,74,5
1029,15,16,3/16/2022,256,4
1030,18,12,3/31/2022,314,2
1031,19,22,4/27/2022,319,1
1032,17,9,5/19/2022,177,1
1033,10,30,5/30/2022,382,3
1034,15,9,7/5/2022,50,2
1035,14,29,7/20/2022,31,3
1036,20,23,9/16/2020,130,4
1037,24,8,10/9/2020,218,3
1038,10,12,10/16/2020,250,4
1039,4,8,10/22/2020,38,3
1040,16,9,11/5/2020,171,4
1041,5,16,4/6/2021,11,4
1042,14,14,6/23/2021,232,3
1043,7,10,7/1/2021,193,4
1044,10,2,8/11/2021,77,1
1045,2,14,8/18/2021,141,2
1046,3,22,9/9/2021,225,3
1047,3,10,9/16/2021,44,1
1048,17,24,9/29/2021,232,3
1049,7,19,11/12/2021,240,2
1050,19,15,11/16/2021,154,2
1051,18,6,12/20/2021,52,2
1052,24,28,2/1/2022,398,2
1053,22,2,2/2/2022,269,3
1054,4,29,3/16/2022,107,4
1055,13,18,3/29/2022,307,1
1056,18,16,4/22/2022,265,4
1057,9,19,5/3/2022,307,5
1058,7,10,5/30/2022,264,5
1059,12,5,7/13/2022,386,3
1060,8,9,7/14/2022,342,3
1061,16,7,9/14/2020,391,4
1062,2,24,9/24/2020,149,4
1063,8,29,9/30/2020,279,3
1064,22,30,10/13/2020,212,3
1065,11,10,1/20/2021,23,3
1066,11,22,2/5/2021,126,2
1067,3,1,2/23/2021,202,2
1068,21,23,3/12/2021,32,2
1069,15,15,3/15/2021,265,3
1070,2,18,6/25/2021,243,2
1071,7,18,6/30/2021,2,2
1072,7,22,7/22/2021,141,5
1073,18,2,8/19/2021,108,4
1074,17,29,8/20/2021,171,2
1075,13,14,11/2/2021,11,1
1076,16,9,12/29/2021,388,5
1077,1,13,1/18/2022,376,1
1078,20,4,1/27/2022,227,2
1079,13,29,1/31/2022,214,5
1080,11,4,3/8/2022,356,1
1081,5,20,3/29/2022,310,1
1082,24,19,4/14/2022,287,5
1083,14,5,4/15/2022,358,2
1084,24,7,4/18/2022,258,2
1085,21,5,7/25/2022,26,4
1086,12,23,9/7/2020,153,2
1087,17,29,9/30/2020,331,3
1088,3,4,10/20/2020,160,3
1089,22,3,11/18/2020,116,3
1090,24,3,12/28/2020,91,3
1091,20,14,1/22/2021,76,2
1092,21,26,2/10/2021,288,2
1093,14,10,3/1/2021,359,3
1094,12,7,4/2/2021,178,1
1095,15,28,4/9/2021,353,1
1096,7,8,5/13/2021,60,2
1097,22,24,5/28/2021,292,2
1098,11,30,6/21/2021,55,1
1099,19,27,9/7/2021,46,2
1100,16,28,9/29/2021,400,4
1101,5,16,12/17/2021,329,2
1102,18,2,12/21/2021,377,2
1103,3,3,1/27/2022,236,5
1104,11,24,3/1/2022,35,3
1105,11,20,4/26/2022,361,2
1106,18,4,5/5/2022,257,2
1107,23,8,6/20/2022,344,1
1108,20,13,7/7/2022,136,2
1109,20,24,7/27/2022,233,4
1110,12,14,7/28/2022,277,5
1111,19,25,2/8/2022,203,5
1112,1,28,3/2/2022,396,1
1113,4,13,4/15/2022,151,1
1114,2,29,6/6/2022,340,1
1115,21,16,6/22/2022,400,5
1116,24,10,7/20/2022,190,5
1117,20,19,10/4/2021,323,2
1118,15,24,10/12/2021,158,4
1119,18,20,1/12/2022,164,2
1120,13,24,8/19/2021,102,2
1121,23,8,8/20/2021,161,3
1122,15,25,11/2/2021,332,3
1123,19,22,12/29/2021,152,5
1124,6,11,1/18/2022,361,4
1125,10,14,1/27/2022,260,5
1126,15,23,1/31/2022,128,4
1127,7,12,3/8/2022,247,3
1128,8,5,3/29/2022,256,1
1129,23,4,11/9/2020,188,2
1130,20,29,11/13/2020,84,2
1131,1,23,11/24/2020,159,1
1132,11,17,11/26/2020,288,2
1133,23,8,1/12/2021,179,2
1134,17,16,1/19/2021,34,4
1135,20,10,2/3/2021,218,1
1136,23,3,3/1/2021,86,1
1137,10,15,4/22/2021,227,3
1138,17,24,7/13/2021,184,5
1139,11,8,10/8/2021,349,1
1140,18,12,11/9/2021,297,3
1141,18,26,11/22/2021,202,5
1142,14,11,1/22/2021,69,1
1143,7,2,2/10/2021,142,1
1144,19,13,3/1/2021,201,3
1145,4,1,4/2/2021,326,4
1146,9,28,4/9/2021,81,4
1147,10,13,5/13/2021,325,4
1148,3,20,5/28/2021,306,4
1149,19,21,6/21/2021,44,2
1150,18,8,9/7/2021,62,5
1151,19,11,9/29/2021,214,3
1152,1,18,12/17/2021,51,3
1153,16,7,12/21/2021,373,4
1154,19,30,1/27/2022,40,5
1155,21,15,3/1/2022,381,3
1156,21,3,4/26/2022,205,1
1157,2,13,5/5/2022,207,4
1158,8,2,6/20/2022,95,3
1159,15,12,7/7/2022,172,5
1160,1,15,7/27/2022,82,2
1161,16,29,7/28/2022,36,1
1162,3,15,2/23/2021,307,1
1163,10,30,3/12/2021,166,2
1164,15,24,3/15/2021,59,2
1165,14,11,6/25/2021,325,5
1166,2,4,6/30/2021,15,3
1167,9,11,7/22/2021,247,4
1168,8,29,8/19/2021,203,2
1169,14,26,8/20/2021,296,1
1170,22,4,11/2/2021,301,2
1171,23,1,12/29/2021,336,3
1172,12,7,1/18/2022,202,3
1173,9,17,1/27/2022,210,2
1174,18,22,1/31/2022,129,1
1175,15,20,3/8/2022,357,3
1176,21,28,3/29/2022,173,5
1177,1,19,4/14/2022,68,4
1178,3,1,4/15/2022,194,3
1179,21,28,4/18/2022,109,5
1180,5,2,7/25/2022,260,2
1181,4,9,9/7/2020,95,4
1182,18,20,9/30/2020,220,4
1183,23,19,10/20/2020,247,2
1184,6,10,11/18/2020,306,2
1185,22,10,12/28/2020,334,3
1186,9,30,1/22/2021,80,2
1187,17,27,7/20/2022,191,4
1188,5,3,9/16/2020,76,4
1189,22,20,10/9/2020,107,1
1190,16,29,10/16/2020,371,1
1191,8,21,10/22/2020,350,1
1192,2,15,11/5/2020,93,3
1193,7,7,4/6/2021,53,2
1194,8,21,6/23/2021,267,2
1195,17,14,7/1/2021,393,4
1196,15,30,8/11/2021,362,5
1197,8,12,8/18/2021,259,1
1198,19,28,9/9/2021,13,4
1199,3,22,9/16/2021,344,5
1200,12,11,9/29/2021,136,3
1201,15,17,11/12/2021,327,3
1202,13,1,11/16/2021,387,5
1203,13,13,12/20/2021,231,2
1204,1,20,2/1/2022,280,1
1205,19,15,2/2/2022,177,1
1206,16,3,1/5/2021,204,2
1207,6,2,1/8/2021,387,4
1208,10,13,1/13/2021,392,1
1209,16,15,1/27/2021,302,4
1210,6,19,5/27/2021,338,1
1211,21,22,6/15/2021,179,3
1212,18,24,9/17/2021,156,4
1213,9,21,9/28/2021,353,4
1214,15,28,10/6/2021,194,3
1215,5,18,11/17/2021,217,5
1216,18,24,12/1/2021,227,2
1217,15,6,12/16/2021,284,3
1218,9,14,1/12/2022,193,4
1219,22,6,2/8/2022,51,2
1220,23,3,2/28/2022,179,1
1221,13,7,3/30/2022,184,5
1222,8,14,4/21/2022,161,2
1223,23,21,4/29/2022,297,5
1224,12,30,5/16/2022,236,2
1225,17,23,6/3/2022,393,1
1226,18,27,7/18/2022,34,2
1227,5,12,8/5/2020,196,1
1228,15,29,9/8/2020,318,2
1229,21,8,11/3/2020,392,2
1230,5,9,12/21/2020,235,1
1231,6,29,1/5/2021,77,1
1232,7,16,3/4/2021,140,4
1233,5,13,3/5/2021,72,3
1234,11,7,4/7/2021,114,3
1235,21,2,5/19/2021,304,2
1236,16,3,5/20/2021,290,4
1237,18,10,7/20/2021,188,1
1238,21,8,9/16/2021,8,5
1239,5,17,1/12/2022,214,5
1240,8,16,2/8/2022,338,2
1241,13,6,2/28/2022,328,1
1242,15,29,3/30/2022,331,3
1243,19,10,8/11/2021,114,1
1244,17,28,8/18/2021,397,1
1245,12,14,9/9/2021,14,3
1246,11,18,9/16/2021,48,1
1247,14,2,9/29/2021,5,4
1248,23,27,11/12/2021,45,1
1249,8,2,11/16/2021,217,2
1250,5,17,12/20/2021,253,4
1251,2,24,7/20/2022,325,5
1252,4,18,9/16/2020,284,4
1253,6,4,10/9/2020,400,4
1254,21,25,10/16/2020,103,4
1255,7,15,10/22/2020,34,4
1256,4,18,12/17/2021,329,4
1257,4,20,12/29/2021,2,5
1258,23,20,1/3/2022,298,2
1259,2,5,1/21/2022,267,5
1260,17,25,2/21/2022,366,2
1261,18,10,2/22/2022,304,3
1262,17,11,3/29/2022,13,5
1263,8,9,4/7/2022,145,1
1264,5,11,9/9/2020,86,3
1265,5,14,9/10/2020,310,4
1266,10,6,10/20/2020,347,4
1267,16,15,12/2/2020,154,2
1268,9,12,1/5/2021,341,1
1269,18,26,1/8/2021,156,2
1270,3,17,1/13/2021,284,2
1271,1,28,1/27/2021,79,2
1272,23,8,5/27/2021,126,4
1273,8,28,6/15/2021,221,1
1274,10,28,9/17/2021,164,3
1275,9,16,9/28/2021,67,1
1276,11,24,10/6/2021,308,4
1277,23,6,11/17/2021,20,4
1278,11,28,12/1/2021,33,5
1279,15,4,12/16/2021,255,4
1280,19,6,1/12/2022,279,4
1281,15,21,2/8/2022,40,1
1282,23,26,2/28/2022,141,1
1283,3,19,3/30/2022,37,4
1284,18,9,8/11/2021,360,3
1285,16,1,8/18/2021,35,2
1286,15,21,9/9/2021,66,2
1287,13,15,9/16/2021,74,4
1288,22,3,9/29/2021,178,1
1289,4,4,11/12/2021,71,1
1290,10,22,11/16/2021,369,5
1291,8,29,12/20/2021,109,1
1292,17,25,2/1/2022,358,4
1293,23,15,2/2/2022,291,5
1294,14,20,1/5/2021,100,4
1295,17,15,1/8/2021,86,1
1296,11,5,1/13/2021,388,3
1297,14,9,1/27/2021,286,3
1298,10,30,5/27/2021,99,1
1299,19,9,6/15/2021,252,1
1300,8,21,9/17/2021,194,5
1301,21,6,9/28/2021,124,4
1302,6,18,10/6/2021,136,1
1303,7,12,11/17/2021,106,4
1304,21,16,12/1/2021,334,3
1305,2,22,12/16/2021,361,1
1306,15,13,1/12/2022,258,2
1307,21,28,2/8/2022,6,4
1308,20,30,2/28/2022,323,1
1309,13,12,3/30/2022,326,1
1310,5,15,4/21/2022,105,4